{
  "devices": [
    {
      "id": "VAC1",
      "type": "Vacuum",
      "name": "BB-8s slow cousin",
      "on": false,
      "state": "cleaning"
    },
    {
      "id": "LIG1",
      "type": "Light",
      "name": "Bedroom",
      "on": false,
      "color": "#FFDE67",
      "brightness": 1,
      "state": "off"
    },
    {
      "id": "LIG2",
      "type": "Light",
      "name": "Living room",
      "on": false,
      "color": "#FFDE67",
      "brightness": 0.5,
      "state": "off"
    },
    {
      "id": "LIG3",
      "type": "Light",
      "name": "Garden",
      "on": false,
      "color": "#FFDE67",
      "brightness": 1,
      "state": "off"
    },
    {
      "id": "BLI1",
      "type": "Blind",
      "name": "Living room",
      "on": false,
      "state": "up"
    },
    {
      "id": "AC1",
      "type": "AC",
      "name": "Bedroom",
      "on": false,
      "temperature": 17,
      "state": "off"
    },
    {
      "id": "LOC1",
      "type": "Lock",
      "name": "Front door",
      "locked": false,
      "secret": "19d493b3-9a2e-495e-9dc2-44b7836dae9a",
      "code": "1234"
    },
    {
      "id": "CAM1",
      "type": "Camera",
      "name": "Front door",
      "on" : false,
      "secret": "a5e337f5-a391-4fda-894e-d14aba719c9e"
    },
    {
      "id": "SPE1",
      "type": "Speaker",
      "name": "Living room",
      "on" : false,
      "stream": { 
        "file" : "testfile.mp3",
        "name" : "testfile"
      }
    }
  ],
  "categories": [
    "Lock",
    "Light",
    "AC",
    "Blind",
    "Vacuum",
    "Speaker"
  ],
  "keys": []
}